original,recovered
-1.0094,-1.1333621248889891
-0.9767,-1.0959495966013344
-0.9433,-1.0575748274257775
-0.909,-1.0182729399530002
-0.874,-0.9780799925854111
-0.8383,-0.9370329446338665
-0.8019,-0.895169620508774
-0.7648,-0.8525286730415615
-0.7271,-0.809149545973369
-0.6888,-0.7650724356486621
-0.6499,-0.7203382519522805
-0.6105,-0.6749885785291817
-0.5706,-0.6290656323268831
-0.5303,-0.5826122225012789
-0.4896,-0.5356717087271504
-0.4484,-0.488287958955294
-0.407,-0.4405053066587384
-0.3652,-0.3923685076110511
-0.3232,-0.34392269624018224
-0.281,-0.2952133416017417
-0.2386,-0.246286203015963
-0.196,-0.19718728541296193
-0.1534,-0.14796279443117
-0.1107,-0.09865909131407369
-0.068,-0.04932264765058808
-0.0252,-4.533928787964214e-12
0.0174,0.04926229552119732
0.06,0.09841770874016309
0.1024,0.14741978081192603
0.1446,0.19622216960004574
0.1867,0.24477869491297888
0.2285,0.29304338358250726
0.2699,0.3409705143344731
0.3111,0.38851466240684285
0.3518,0.4356307438703735
0.3922,0.4822740596074928
0.4321,0.5284003389053452
0.4715,0.5739657826193801
0.5105,0.6189271058643017
0.5488,0.6632415801896991
0.5865,0.7068670751982177
0.6237,0.7497620995647098
0.6601,0.7918858414154414
0.6959,0.8331982080270841
0.7309,0.8736598648059459
0.7652,0.9132322735086378
0.7986,0.951877729666154
0.8312,0.989559399174201
0.863,1.0262413540134394
0.8939,1.0618886070642395
0.9238,1.0964671459814739
0.9528,1.1299439660958495
0.9809,1.162287102309298
1.0079,1.1934656599529765
1.0339,1.223449844577514
1.0588,1.2522109906462386
1.0827,1.2797215891032647
1.1055,1.3059553137894684
1.1271,1.3308870466805969
1.1477,1.3544929019229406
1.167,1.376750248643276
1.1852,1.3976377325110227
1.2022,1.4171352960318666
1.2179,1.435224197553401
1.2325,1.4518870289646664
1.2458,1.467107732072821
1.2578,1.4808716136415288
1.2686,1.4931653590770404
1.2781,1.503977044749325
1.2863,1.513296148937022
1.2933,1.5211135613863909
1.2989,1.5274215914758673
1.3032,1.5322139749792603
1.3062,1.5354858794220667
1.3079,1.5372339080268254
1.3083,1.5374561022448658
1.3074,1.5361519428732757
1.3051,1.5333223497573374
1.3016,1.5289696800801496
1.2967,1.5230977252425748
1.2905,1.5157117063381107
1.283,1.5068182682287072
1.2743,1.4964254722289745
1.2642,1.4845427874076513
1.2528,1.4711810805166066
1.2402,1.4563526045590414
1.2264,1.4400709860099328
1.2112,1.4223512107031486
1.1949,1.4032096084009829
1.1773,1.3826638360632144
1.1586,1.360732859834103
1.1386,1.3374369357670175
1.1175,1.3127975893076735
1.0952,1.2868375935582044
1.0718,1.2595809463455014
1.0473,1.2310528461184735
1.0218,1.2012796667000312
0.9951,1.1702889309207516
0.9674,1.1381092831622912
0.9387,1.104770460839691
0.9091,1.0703032648527788
0.8784,1.0347395290378756
0.8469,0.9981120886520132
0.8144,0.9604547479228052
0.7811,0.9218022466980371
0.7469,0.8821902262299056
0.7119,0.8416551941296871
0.6761,0.8002344885294066
0.6396,0.7579662414878389
0.6024,0.7148893416789028
0.5644,0.6710433964011742
0.5259,0.6264686929478902
0.4867,0.5812061593774132
0.447,0.5352973247246674
0.4067,0.48878427869457985
0.3659,0.44170963087900916
0.3246,0.39411646953908547
0.2829,0.3460483199952402
0.2409,0.2975491026675469
0.1984,0.2486630908092805
0.1557,0.19943486797683507
0.1127,0.1499092852793399
0.0694,0.10013141845145723
0.0259,0.050146524792950675
-0.0177,1.8666845846837532e-11
-0.0614,-0.05026266493741871
-0.1053,-0.10059592712048093
-0.1491,-0.1509542347119061
-0.193,-0.2012920701017467
-0.2368,-0.25156399283332714
-0.2806,-0.301724682377005
-0.3242,-0.3517289806903362
-0.3677,-0.4015319345222105
-0.411,-0.45108883741888794
-0.454,-0.5003552713902452
-0.4968,-0.549287148195001
-0.5393,-0.5978407502041644
-0.5814,-0.6459727708024812
-0.6232,-0.6936403542882205
-0.6645,-0.7408011352322582
-0.7053,-0.787413277258055
-0.7457,-0.8334355112048304
-0.7856,-0.8788271726369519
-0.8248,-0.923548238663322
-0.8635,-0.9675593640313771
-0.9015,-1.0108219164611036
-0.9389,-1.0532980111854
-0.9756,-1.094950544664006
-1.0115,-1.1357432274391284
-1.0467,-1.1756406161019397
-1.081,-1.2146081443400552
-1.1146,-1.2526121530371868
-1.1473,-1.2896199193971865
-1.1791,-1.3255996850658391
-1.21,-1.3605206832248218
-1.2399,-1.3943531646334382
-1.2689,-1.427068422594869
-1.2969,-1.458638816824883
-1.3239,-1.4890377962021715
-1.3499,-1.5182399203806511
-1.3747,-1.5462208802454016
-1.3985,-1.572957517195094
-1.4213,-1.5984278412350927
-1.4428,-1.6226110478666795
-1.4633,-1.6454875337591748
-1.4826,-1.667038911193023
-1.5007,-1.687248021263267
-1.5176,-1.7060989458341207
-1.5333,-1.72357701823675
-1.5479,-1.7396688327036745
-1.5611,-1.7543622525345568
-1.5732,-1.767646416989515
-1.584,-1.7795117469074364
-1.5935,-1.7899499490481117
-1.6018,-1.7989540191583755
-1.6088,-1.806518243763767
-1.6146,-1.8126382006885795
-1.619,-1.8173107583084966
-1.6222,-1.8205340735413111
-1.6241,-1.8223075885825901
-1.6247,-1.8226320263944082
-1.624,-1.8215093849565767
-1.622,-1.8189429302910742
-1.6188,-1.8149371882716616
-1.6143,-1.809497935231873
-1.6085,-1.8026321873858373
-1.6014,-1.7943481890775763
-1.5931,-1.7846553998756136
-1.5835,-1.7735644805308965
-1.5727,-1.7610872778171713
-1.5607,-1.7472368082740801
-1.5474,-1.7320272408743254
-1.5329,-1.7154738786373227
-1.5172,-1.6975931392128005
-1.5004,-1.6784025344588083
-1.4824,-1.657920649039582
-1.4632,-1.6361671180696473
-1.4429,-1.6131626038314801
-1.4215,-1.5889287715949072
-1.399,-1.5634882645672792
-1.3754,-1.5368646780042794
-1.3507,-1.5090825325119912
-1.3251,-1.4801672465715972
-1.2984,-1.4501451083187888
-1.2707,-1.4190432466106337
-1.242,-1.3868896014132626
-1.2124,-1.3537128935443592
-1.1819,-1.3195425938049428
-1.1506,-1.2844088915354903
-1.1183,-1.2483426626318683
-1.0852,-1.2113754370570176
-1.0513,-1.1735393658846796
-1.0166,-1.1348671879118357
-0.9812,-1.0953921958768056
-0.9451,-1.0551482023202283
-0.9082,-1.014169505126362
-0.8707,-0.9724908527823205
-0.8326,-0.9301474093929935
-0.7939,-0.8871747194894819
-0.7546,-0.8436086726689559
-0.7148,-0.7994854681038109
-0.6744,-0.7548415789579902
-0.6336,-0.7097137167482542
-0.5924,-0.6641387956880584
-0.5507,-0.6181538970515262
-0.5087,-0.5717962335948307
-0.4664,-0.5251031140720187
-0.4237,-0.4781119078820528
-0.3808,-0.4308600098835055
-0.3376,-0.3833848054129808
-0.2943,-0.33572363554293816
-0.2507,-0.28791376261414237
-0.2071,-0.23999233607748505
-0.1633,-0.19199635867941667
-0.1195,-0.14396265302464906
-0.0756,-0.09592782854922322
-0.0317,-0.047928248936403905
0.0121,-7.187028749910951e-12
0.0559,0.047821141883454765
0.0996,0.09549974091422009
0.1432,0.14300073229939247
0.1866,0.19028945219617338
0.2298,0.2373316669894151
0.2728,0.2840936019265895
0.3155,0.3305419690766586
0.358,0.37664399458746833
0.4001,0.42236744521716096
0.4419,0.46768065411607496
0.4834,0.5125525458365726
0.5244,0.5569526605491987
0.565,0.6008511774446257
0.6051,0.6442189373018462
0.6448,0.6870274642041069
0.684,0.7292489863851922
0.7226,0.7708564561896961
0.7606,0.8118235691320334
0.7981,0.8521247820400558
0.835,0.8917353302702442
0.8712,0.930631243982572
0.9068,0.9687893634642893
0.9417,1.0061873534929877
0.9759,1.042803716730489
1.0094,1.0786178061402343
1.0422,1.1136098364219884
1.0742,1.1477608944588749
1.1055,1.181052948772873
1.1359,1.2134688579860837
1.1656,1.2449923782862173
1.1944,1.2756081698959032
1.2224,1.3053018025465806
1.2495,1.3340597599588333
1.2758,1.361869443332206
1.3012,1.388719173848613
1.3257,1.4145981941945864
1.3494,1.439496669108706
1.3721,1.4634056849616242
1.3939,1.4863172483771792
1.4148,1.5082242839041462
1.4348,1.529120630749191
1.4538,1.5490010385826363
1.4719,1.5678611624296426
1.4891,1.5856975566603664
1.5053,1.6025076680936405
1.5205,1.6182898282296463
1.5348,1.6330432446279497
1.5482,1.6467679914481783
1.5605,1.6594649991714605
1.572,1.6711360435216047
1.5825,1.6817837336057662
1.592,1.691411499295175
1.6006,1.7000235778672044
1.6082,1.7076249999308295
1.6149,1.71422157465814
1.6207,1.7198198743453283
1.6255,1.7244272183271065
1.6294,1.7280516562691428
1.6324,1.7307019508636978
1.6345,1.732387559954086
1.6357,1.7331186181141611
1.636,1.732905917709438
1.6354,1.7317608894668808
1.6339,1.7296955825808082
1.6316,1.7267226443826809
1.6285,1.722855299602862
1.6245,1.7181073292527387
1.6196,1.7124930491557961
1.614,1.7060272881564675
1.6076,1.698725366035755
1.6003,1.6906030711627054
1.5924,1.681676637910978
1.5836,1.671962723869753
1.5741,1.6614783868782514
1.5639,1.6502410619131582
1.553,1.6382685378581376
1.5414,1.6255789341845621
1.5292,1.612190677572477
1.5163,1.5981224785005965
1.5027,1.583393307833993
1.4885,1.5680223734378869
1.4737,1.5520290968456558
1.4584,1.5354330900089161
1.4425,1.5182541321571839
1.426,1.5005121467942373
1.409,1.4822271788579369
1.3915,1.463419372069795
1.3735,1.4441089465001593
1.355,1.4243161763743386
1.3361,1.4040613681445326
1.3167,1.3833648388518232
1.297,1.362246894801952
1.2768,1.340727810577966
1.2563,1.3188278084122125
1.2354,1.2965670379394887
1.2142,1.2739655563524828
1.1927,1.2510433089799304
1.1708,1.2278201103071895
1.1487,1.204315625458193
1.1263,1.1805493521569548
1.1037,1.1565406031860483
1.0809,1.1323084893586457
1.0579,1.107871903019884
1.0346,1.0832495020925244
1.0113,1.0584596946809575
0.9877,1.0335206242468145
0.964,1.008450155368506
0.9403,0.983265860096157
0.9164,0.9579850049125042
0.8924,0.9326245383094038
0.8684,0.9072010789886942
0.8443,0.8817309046952477
0.8202,0.8562299416890997
0.796,0.8307137548626264
0.7719,0.8051975385078345
0.7478,0.7796961077378349
0.7237,0.7542238905657269
0.6996,0.7287949206431144
0.6756,0.7034228306595818
0.6517,0.6781208464035462
0.6278,0.6529017814839555
0.6041,0.6277780327114043
0.5804,0.6027615761363514
0.5569,0.5778639637412011
0.5334,0.5530963207821229
0.5101,0.5284693437756655
0.487,0.50399329912425
0.464,0.4796780223739121
0.4412,0.45553291809672036
0.4186,0.4315669603895145
0.3961,0.4077886939798394
0.3738,0.38420623592910413
0.3518,0.3608272779222624
0.3299,0.337659089132586
0.3083,0.31470851964930296
0.2868,0.2919820044552518
0.2656,0.26948556794097
0.2447,0.24722482894095496
0.2239,0.22520500627727594
0.2034,0.20343092479502467
0.1832,0.18190702187353017
0.1632,0.16063735439674448
0.1434,0.13962560616560132
0.124,0.1188750957346891
0.1047,0.09838878465511139
0.0857,0.07816928610490606
0.067,0.05821887388803021
0.0486,0.03853949178250221
0.0304,0.019132763217907106
0.0125,1.2621995670869524e-09
-0.0052,-0.018857781102606497
-0.0225,-0.03743986043655423
-0.0397,-0.05574579205051716
-0.0565,-0.07377539898879193
-0.0731,-0.09152876080676958
-0.0894,-0.10900620216510215
-0.1055,-0.12620828126192318
-0.1213,-0.14313577812471573
-0.1368,-0.15978968278349287
-0.1521,-0.17617118334696608
-0.1671,-0.19228165400334885
-0.1819,-0.20812264296739058
-0.1964,-0.22369586039519707
-0.2106,-0.23900316628818363
-0.2247,-0.25404655840748425
-0.2384,-0.26882816021986666
-0.252,-0.28335020889604345
-0.2653,-0.2976150433820235
-0.2784,-0.31162509256388116
-0.2912,-0.32538286354601575
-0.3038,-0.3388909300626791
-0.3162,-0.352151921042144
-0.3284,-0.3651685093425562
-0.3404,-0.3779434006780973
-0.3521,-0.390479322753596
-0.3637,-0.40277901462535126
-0.375,-0.4148452163053862
-0.3861,-0.42668065862584903
-0.3971,-0.43828805337976884
-0.4079,-0.4496700837537907
-0.4184,-0.4608293950679565
-0.4288,-0.4717685858369939
-0.439,-0.4824901991669417
-0.4491,-0.49299671450032434
-0.459,-0.5032905397224372
-0.4687,-0.5133740036405787
-0.4782,-0.5232493488474537
-0.4876,-0.5329187249792089
-0.4968,-0.5423841823778631
-0.5058,-0.5516476661671597
-0.5148,-0.5607110107501369
-0.5235,-0.569575934735935
-0.5321,-0.5782440363026206
-0.5406,-0.5867167890020016
-0.5489,-0.5949955380116685
-0.5571,-0.6030814968386784
-0.5652,-0.6109757444785061
-0.5731,-0.6186792230321209
-0.5809,-0.6261927357832092
-0.5886,-0.6335169457368047
-0.5961,-0.6406523746197312
-0.6035,-0.647599402342533
-0.6108,-0.6543582669217021
-0.6179,-0.660929064860267
-0.6249,-0.6673117519839792
-0.6318,-0.6735061447295763
-0.6386,-0.6795119218808121
-0.6452,-0.6853286267471429
-0.6518,-0.6909556697792621
-0.6582,-0.6963923316148501
-0.6644,-0.7016377665472227
-0.6706,-0.7066910064087744
-0.6766,-0.7115509648604658
-0.6825,-0.7162164420778325
-0.6882,-0.7206861298233526
-0.6938,-0.7249586168943166
-0.6993,-0.7290323949347027
-0.7047,-0.7329058645989157
-0.7099,-0.7365773420546238
-0.7149,-0.7400450658113593
-0.7199,-0.7433072038609472
-0.7247,-0.7463618611152874
-0.7293,-0.7492070871264588
-0.7338,-0.7518408840736637
-0.7381,-0.7542612150009794
-0.7423,-0.756466012289468
-0.7463,-0.7584531863467561
-0.7502,-0.7602206344967888
-0.7539,-0.7617662500520693
-0.7574,-0.7630879315503606
-0.7608,-0.7641835921374986
-0.764,-0.7650511690776698
-0.767,-0.7656886333722389
-0.7698,-0.7660939994679596
-0.7724,-0.7662653350352435
-0.7748,-0.7662007707969228
-0.7771,-0.7658985103878395
-0.7791,-0.7653568402254672
-0.781,-0.7645741393716764
-0.7826,-0.7635488893657182
-0.784,-0.7622796840084775
-0.7853,-0.7607652390780175
-0.7863,-0.7590044019565438
-0.787,-0.7569961611489514
-0.7876,-0.7547396556731989
-0.7879,-0.7522341843029416
-0.788,-0.7494792146429703
-0.7879,-0.7464743920182421
-0.7875,-0.7432195481574946
-0.7869,-0.739714709652671
-0.786,-0.7359601061757217
-0.7849,-0.731956178434638
-0.7836,-0.7277035858509002
-0.782,-0.7232032139409379
-0.7801,-0.7184561813845827
-0.778,-0.7134638467639179
-0.7757,-0.7082278149564208
-0.773,-0.7027499431667392
-0.7702,-0.6970323465819774
-0.767,-0.691077403635918
-0.7636,-0.6848877608681379
-0.76,-0.6784663373645803
-0.756,-0.6718163287667612
-0.7518,-0.6649412108373891
-0.7474,-0.6578447425708843
-0.7427,-0.6505309688379026
-0.7377,-0.6430042225536732
-0.7324,-0.6352691263607214
-0.7269,-0.6273305938172131
-0.7212,-0.6191938300829242
-0.7151,-0.6108643320956302
-0.7089,-0.6023478882314465
-0.7023,-0.5936505774434649
-0.6956,-0.5847787678738379
-0.6885,-0.5757391149352359
-0.6813,-0.5665385588584995
-0.6738,-0.5571843217040772
-0.666,-0.547683903835692
-0.6581,-0.5380450798555757
-0.6499,-0.5282758940013951
-0.6414,-0.5183846550058953
-0.6328,-0.5083799304211428
-0.624,-0.49827054041009494
-0.6149,-0.4880655510090932
-0.6057,-0.4777742668657663
-0.5962,-0.4674062234576257
-0.5866,-0.4569711787975771
-0.5768,-0.4464791046333565
-0.5668,-0.43594017714875755
-0.5566,-0.42536476717541577
-0.5463,-0.4147634299246592
-0.5359,-0.404146894249812
-0.5253,-0.3935260514501552
-0.5146,-0.3829119436285129
-0.5038,-0.372315751615249
-0.4928,-0.36174878247222597
-0.4818,-0.35122245659101387
-0.4706,-0.3407482944004271
-0.4594,-0.3303379026991503
-0.4481,-0.32000296062991146
-0.4368,-0.3097552053123934
-0.4254,-0.2996064171527029
-0.4139,-0.28956840484786345
-0.4025,-0.2796529901044366
-0.391,-0.269871992090935
-0.3795,-0.26023721164431013
-0.368,-0.2507604152513201
-0.3565,-0.24145331882608423
-0.3451,-0.2323275713056363
-0.3337,-0.22339473808579113
-0.3224,-0.2146662843200025
-0.3111,-0.206153558104344
-0.2999,-0.19786777357208968
-0.2888,-0.18981999392175108
-0.2777,-0.18202111440271948
-0.2668,-0.174481845282899
-0.256,-0.16721269482302015
-0.2454,-0.1602239522825319
-0.2349,-0.15352567098212294
-0.2245,-0.14712765144803908
-0.2144,-0.14103942466355224
-0.2044,-0.1352702354529417
-0.1946,-0.1298290260234392
-0.185,-0.12472441969051445
-0.1756,-0.1199647048119231
-0.1664,-0.11555781895586403
-0.1575,-0.11151133332843403
-0.1489,-0.10783243748545038
-0.1404,-0.1045279243535598
-0.1323,-0.10160417558534793
-0.1244,-0.09906714727283802
-0.1168,-0.0969223560435662
-0.1095,-0.09517486556305019
-0.1026,-0.09382927346716691
-0.0959,-0.09288969874748154
-0.0895,-0.09235976961223413
-0.0835,-0.09224261184514326
-0.0778,-0.09254083768380233
-0.0725,-0.09325653523880029
-0.0675,-0.09439125847420698
-0.0628,-0.09594601776948575
-0.0585,-0.09792127108221221
-0.0546,-0.10031691573038731
-0.0511,-0.1031322808123894
-0.0479,-0.10636612028197368
-0.0451,-0.11001660669487556
-0.0427,-0.11408132564294737
-0.0406,-0.11855727089082402
-0.039,-0.12344084022935398
-0.0377,-0.12872783205921878
-0.0369,-0.13441344271723277
-0.0364,-0.140492264556921
-0.0363,-0.14695828479410744
-0.0366,-0.1538048851272935
-0.0373,-0.16102484214156954
-0.0384,-0.1686103285039815
-0.0399,-0.17655291495712777
-0.0417,-0.18484357311684108
-0.0439,-0.19347267907878363
-0.0466,-0.2024300178376981
-0.0495,-0.21170478852207142
-0.0529,-0.22128561044582407
-0.0566,-0.23116052997769543
-0.0606,-0.24131702822778345
-0.0651,-0.2517420295496744
-0.0698,-0.262421910855541
-0.0749,-0.27334251174044866
-0.0803,-0.28448914541097114
-0.086,-0.2958466104122499
-0.092,-0.30739920314641467
-0.0984,-0.31913073117419777
-0.105,-0.3310245272905783
-0.1118,-0.34306346436409507
-0.119,-0.35522997092841624
-0.1264,-0.36750604751373495
-0.134,-0.3798732837044252
-0.1419,-0.3923128759083431
-0.1499,-0.4048056458221808
-0.1582,-0.417332059576183
-0.1666,-0.4298722475405071
-0.1752,-0.44240602477462265
-0.184,-0.45491291210001006
-0.1929,-0.46737215777558094
-0.2019,-0.47976275975420546
-0.211,-0.49206348849790515
-0.2202,-0.5042529103282963
-0.2294,-0.5163094112879791
-0.2387,-0.5282112214878416
-0.2481,-0.5399364399142843
-0.2574,-0.551463059669631
-0.2668,-0.5627689936182471
-0.2761,-0.5738321004101508
-0.2853,-0.5846302108531308
-0.2945,-0.5951411546037937
-0.3037,-0.6053427871472952
-0.3127,-0.615213017034862
-0.3216,-0.6247298333477488
-0.3303,-0.6338713333556043
-0.3389,-0.6426157503368215
-0.3473,-0.6509414815279762
-0.3555,-0.6588271161690189
-0.3635,-0.6662514636104732
-0.3712,-0.673193581448623
-0.3787,-0.6796328036543475
-0.3858,-0.6855487686609768
-0.3927,-0.6909214473763338
-0.3993,-0.6957311710839811
-0.4055,-0.6999586591985687
-0.4113,-0.7035850468400086
-0.4168,-0.706591912191276
-0.4219,-0.7089613036045295
-0.4265,-0.7106757664203843
-0.4307,-0.7117183694651649
-0.4345,-0.7120727311911881
-0.4377,-0.7117230454252055
-0.4405,-0.710654106690487
-0.4428,-0.7088513350681528
-0.4446,-0.7063008005637628
-0.4458,-0.7029892469454988
-0.4464,-0.6989041150207066
-0.4465,-0.6940335653179172
-0.446,-0.6883665001420737
-0.4449,-0.6818925849711257
-0.4432,-0.6746022691627787
-0.4408,-0.6664868059407648
-0.4379,-0.6575382716306836
-0.4342,-0.6477495841161462
-0.4299,-0.6371145204866797
-0.425,-0.6256277338496712
-0.4193,-0.613284769279373
-0.413,-0.6000820788769186
-0.4059,-0.5860170359161234
-0.3982,-0.5710879480508562
-0.3897,-0.555294069560595
-0.3806,-0.538635612611944
-0.3707,-0.5211137575147569
-0.36,-0.5027306619527129
-0.3487,-0.48348946916917723
-0.3366,-0.46339431509033
-0.3238,-0.44245033436877157
-0.3102,-0.42066366533187016
-0.2959,-0.3980414538204099
-0.2809,-0.37459185590427024
-0.2651,-0.3503240394631961
-0.2486,-0.3252481846218783
-0.2314,-0.2993754830299795
-0.2134,-0.2727181359789438
-0.1948,-0.24528935134885188
-0.1754,-0.21710333937987192
-0.1554,-0.18817530726421805
-0.1346,-0.15852145255593664
-0.1132,-0.12815895539718658
-0.091,-0.09710596956112882
-0.0683,-0.06538161231283057
-0.0449,-0.03300595309113363
-0.0208,-1.0157618079986719e-09
0.0039,0.03361430877461613
0.0292,0.06781412994628033
0.055,0.10257572094769973
0.0815,0.1378744621302146
0.1085,0.17368487400081656
0.136,0.20998063659418686
0.1641,0.24673460994992613
0.1926,0.28391885567935615
0.2217,0.32150465960504926
0.2512,0.35946255545471895
0.2811,0.3977623495899296
0.3114,0.4363731467486204
0.3421,0.4752633767791733
0.3732,0.5144008223424935
0.4045,0.5537526475572258
0.4362,0.5932854275620463
0.4682,0.6329651789677067
0.5004,0.6727573911703467
0.5329,0.712627058496312
0.5655,0.7525387131477653
0.5983,0.7924564589170786
0.6312,0.8323440056369624
0.6643,0.872164704332354
0.6973,0.9118815830389129
0.7305,0.9514573832520862
0.7636,0.9908545969697554
0.7967,1.030035504290594
0.8298,1.0689622115293074
0.8627,1.1075966898092897
0.8955,1.1459008140922489
0.9282,1.1838364026037878
0.9607,1.2213652566131257
0.9929,1.2584492005245835
1.0248,1.2950501222378183
1.0565,1.3311300137331925
1.0878,1.3666510118383246
1.1188,1.4015754391312356
1.1494,1.4358658449351842
1.1795,1.4694850463599525
1.2091,1.5023961693440413
1.2382,1.5345626896518907
1.2668,1.5659484737801963
1.2948,1.5965178197271395
1.3222,1.6262354975782587
1.349,1.6550667898627625
1.3751,1.6829775316339526
1.4004,1.7099341502275744
1.4251,1.7359037046520704
1.4489,1.7608539245648118
1.4719,1.7847532487886537
1.4941,1.8075708633234335
1.5154,1.8292767388074176
1.5359,1.8498416673840352
1.5553,1.8692372989296857
1.5739,1.8874361765989411
1.5914,1.904411771644058
1.6079,1.9201385174661687
1.6234,1.9345918428563411
1.6378,1.9477482043853125
1.6512,1.9595851179014754
1.6634,1.970081189097544
1.6744,1.97921614310711
1.6843,1.9869708530932462
1.6931,1.993327367792309
1.7006,1.998268937977023
1.7069,2.0017800418039475
1.7119,2.003846409011641
1.7157,2.0044550439368667
1.7182,2.003594247317361
1.7194,2.001253636850945
1.7193,1.997424166481982
1.7179,1.9920981443875023
1.7152,1.9852692496366027
1.7111,1.9769325474981487
1.7057,1.9670845033731403
1.6989,1.9557229953296154
1.6908,1.9428473252193412
1.6813,1.928458228357104
1.6704,1.9125578817448723
1.6582,1.8951499108247092
1.6446,1.8762393947458418
1.6296,1.8558328701328695
1.6132,1.8339383333437698
1.5955,1.8105652412079427
1.5764,1.7857245102361952
1.5559,1.759428514296231
1.5341,1.7316910807488872
1.511,1.7025274850420886
1.4865,1.671954443761106
1.4607,1.6399901061354987
1.4336,1.6066540440047783
1.4052,1.5719672402465856
1.3755,1.5359520756728475
1.3446,1.4986323144011444
1.3124,1.4600330877102121
1.279,1.4201808763902177
1.2444,1.3791034916001443
1.2086,1.3368300542463456
1.1717,1.2933909728980064
1.1336,1.2488179202568874
1.0945,1.2031438082004744
1.0542,1.1564027614192076
1.0129,1.1086300896701662
0.9706,1.059862258671148
0.9273,1.0101368596606997
0.883,0.959492577651187
0.8379,0.9079691584035948
0.7918,0.8556073741541447
0.7449,0.8024489881244105
0.6972,0.7485367178480518
0.6487,0.6939141973485922
0.5995,0.6386259382042095
0.5496,0.5827172895367194
0.499,0.5262343969633733
0.4478,0.4692241605512075
0.396,0.41173419181505244
0.3438,0.3538127698014347
0.291,0.29550879630174687
0.2378,0.2368717502391483
0.1842,0.17795164127478225
0.1303,0.11879896267980794
0.076,0.05946464352073544
0.0215,2.065261295314258e-10
-0.0331,-0.059543312553365646
-0.088,-0.1191133513299183
-0.1429,-0.17865793404362362
-0.1979,-0.2381246904702422
-0.2529,-0.29746111313113566
-0.3079,-0.3566146085153851
-0.3628,-0.4155325485805713
-0.4175,-0.47416232247842277
-0.472,-0.5324513884512638
-0.5263,-0.5903473258448586
-0.5803,-0.6477978871828269
-0.6339,-0.7047510502477453
-0.6872,-0.7611550701137269
-0.74,-0.8169585310753613
-0.7923,-0.8721103984176122
-0.844,-0.9265600699714517
-0.8952,-0.9802574274001156
-0.9457,-1.0331528871608713
-0.9955,-1.0851974510874403
-1.0445,-1.1363427565385698
-1.0928,-1.1865411260584855
-1.1402,-1.235745616495326
-1.1868,-1.2839100675241815
-1.2324,-1.3309891495218187
-1.277,-1.3769384107407525
-1.3206,-1.4217143237309606
-1.3631,-1.4652743309582101
-1.4046,-1.5075768895686783
-1.4448,-1.548581515250478
-1.4839,-1.5882488251433802
-1.5218,-1.626540579749034
-1.5583,-1.6634197237950017
-1.5936,-1.698850426006836
-1.6275,-1.7327981177436074
-1.66,-1.7652295304532843
-1.6911,-1.7961127319057462
-1.7207,-1.8254171611622374
-1.7489,-1.8531136622414446
-1.7755,-1.8791745164437097
-1.8006,-1.9035734732962264
-1.8241,-1.9262857800834428
-1.846,-1.9472882099284776
-1.8663,-1.9665590883926827
-1.8849,-1.9840783185621234
-1.9019,-1.9998274045913171
-1.9171,-2.013789473676127
-1.9307,-2.0259492964293657
-1.9425,-2.0362933056343606
-1.9525,-2.0448096133534275
-1.9608,-2.05148802636987
-1.9673,-2.0563200599440057
-1.972,-2.0592989498653256
-1.9749,-2.060419662784901
-1.9761,-2.059678904813789
-1.9754,-2.0570751283751623
-1.9728,-2.052608537299689
-1.9685,-2.0462810901555497
-1.9623,-2.0380965018064563
-1.9544,-2.0280602431927948
-1.9446,-2.0161795393330273
-1.933,-2.00246336554439
-1.9195,-1.9869224418837668
-1.9043,-1.9695692258116182
-1.8873,-1.9504179030837199
-1.8685,-1.929484376877374
-1.848,-1.906786255160701
-1.8257,-1.8823428363154688
-1.8016,-1.856175093025866
-1.7759,-1.828305654447458
-1.7485,-1.7987587866724768
-1.7193,-1.7675603715094121
-1.6886,-1.7347378835967229
-1.6562,-1.700320365872316
-1.6222,-1.6643384034222048
-1.5866,-1.6268240957335582
-1.5495,-1.5878110273790798
-1.5109,-1.5473342371613716
-1.4708,-1.505430185747643
-1.4293,-1.462136721826758
-1.3864,-1.4174930468222482
-1.342,-1.3715396781965117
-1.2964,-1.3243184113829485
-1.2495,-1.2758722803843154
-1.2013,-1.2262455170770319
-1.1519,-1.175483509262621
-1.1014,-1.123632757508832
-1.0497,-1.0707408308243265
-0.997,-1.0168563212121438
-0.9433,-0.9620287971483305
-0.8886,-0.9063087560333651
-0.8329,-0.849747575665164
-0.7764,-0.7923974647834707
-0.7191,-0.734311412736542
-0.661,-0.6755431383219601
-0.6021,-0.6161470378543942
-0.5427,-0.5561781325139171
-0.4826,-0.49569201502934707
-0.4219,-0.4347447957518205
-0.3608,-0.37339304817446844
-0.2992,-0.311693753954732
-0.2373,-0.24970424749637554
-0.175,-0.18748216014877134
-0.1124,-0.1250853640814923
-0.0497,-0.06257191589262973
0.0132,-9.457323812966933e-12
0.0762,0.06257212805952495
0.1392,0.12508619856206035
0.2022,0.18748398436986555
0.2651,0.2497073578173523
0.3279,0.3116983474519933
0.3904,0.3733991946371563
0.4527,0.4347524099483416
0.5146,0.49570082930393206
0.5762,0.5561876697719275
0.6373,0.6161565849943278
0.698,0.6755517201714215
0.758,0.7343177665484818
0.8175,0.7924000153481412
0.8763,0.8497444110920828
0.9343,0.9062976042564606
0.9916,0.9620070032062085
1.0481,1.0168208253540647
1.1036,1.070688147491011
1.1582,1.1235589552357796
1.2118,1.1753841915519878
1.2644,1.2261158042823843
1.3158,1.275706792650954
1.3661,1.3241112526845082
1.4152,1.371284421506752
1.4631,1.4171827204589258
1.5097,1.4617637970024628
1.5549,1.504986565360308
1.5988,1.5468112458550873
1.6413,1.5871994029036198
1.6823,1.6261139816286265
1.7217,1.6635193430502828
1.7597,1.699381297821462
1.7961,1.733667138472386
1.8308,1.7663456701317668
1.864,1.7973872396934016
1.8954,1.8267637633987284
1.9252,1.8544487528076095
1.9532,1.880417339131346
1.9794,1.904646295903766
2.0039,1.9271140599679184
2.0265,1.9478007507578423
2.0473,1.9666881878567017
2.0663,1.9837599068143164
2.0834,1.9990011732092796
2.0986,2.0123989949424606
2.1119,2.023942132750771
2.1233,2.033621108931997
2.1328,2.041428214273372
2.1403,2.047357513178519
2.1459,2.0514048469893953
2.1495,2.0535678355017453
2.1512,2.053845876674579
2.1509,2.0522401445360803
2.1486,2.0487535852903576
2.1445,2.043390911631345
2.1383,2.0361585952720604
2.1302,2.0270648576994654
2.1202,2.01611965916691
2.1083,2.00333468593816
2.0944,1.9887233357988394
2.0787,1.9723007018529612
2.061,1.9540835546240594
2.0415,1.9340903224822463
2.0201,1.9123410704203372
1.9969,1.8888574772038478
1.9719,1.8636628109214937
1.945,1.8367819029644994
1.9165,1.8082411204646147
1.8862,1.7780683372224582
1.8541,1.7462929031593522
1.8204,1.7129456123273579
1.7851,1.6780586695137591
1.7481,1.641665655477696
1.7096,1.6038014908580784
1.6695,1.5645023987933122
1.6279,1.5238058662946719
1.5849,1.4817506044164426
1.5404,1.4383765072672596
1.4945,1.393724609908161
1.4473,1.3478370451840704
1.3988,1.3007569995364843
1.3491,1.2525286678461645
1.2981,1.203197207355664
1.246,1.152808690722295
1.1928,1.101410058253135
1.1385,1.0490490693744707
1.0832,0.9957742533886674
1.0269,0.9416348595722892
0.9698,0.8866808066698713
0.9117,0.8309626318382268
0.8529,0.7745314390968239
0.7933,0.7174388473399693
0.7331,0.6597369379671564
0.6721,0.6014782021880867
0.6107,0.5427154880591005
0.5486,0.4835019473080582
0.4861,0.4238909820047163
0.4232,0.363936191133719
0.36,0.30369131712737013
0.2964,0.24321019241517527
0.2326,0.18254668604707636
0.1686,0.12175465044712143
0.1045,0.060887868353912515
0.0403,4.012623566751472e-12
-0.0239,-0.06085546938600729
-0.088,-0.12162528178364673
-0.1521,-0.18225645809586563
-0.216,-0.24269634946170074
-0.2797,-0.3028926880285281
-0.3431,-0.3627936371591146
-0.4062,-0.4223478410174258
-0.4689,-0.4815044734818419
-0.5312,-0.5402132863354009
-0.593,-0.5984246566835946
-0.6542,-0.6560896335511132
-0.7149,-0.7131599836100884
-0.7749,-0.7695882359934592
-0.8342,-0.8253277261480434
-0.8928,-0.880332638683291
-0.9506,-0.9345580491727861
-1.0075,-0.987959964866872
-1.0636,-1.0404953642760795
-1.1187,-1.0921222355863618
-1.1728,-1.14279961386865
-1.2259,-1.1924876170465364
-1.278,-1.241147480587416
-1.3289,-1.2887415908840114
-1.3787,-1.3352335172945953
-1.4273,-1.3805880428119464
-1.4746,-1.4247711933325946
-1.5207,-1.4677502654995185
-1.5655,-1.5094938530932775
-1.609,-1.549971871948071
-1.6511,-1.589155583370951
-1.6918,-1.627017616044293
-1.7311,-1.6635319863932205
-1.7689,-1.6986741174014663
-1.8053,-1.7324208558609984
-1.8401,-1.764750488042501
-1.8734,-1.795642753775589
-1.9052,-1.8250788589294222
-1.9354,-1.8530414862862634
-1.9641,-1.8795148048023433
-1.9911,-1.9044844772521046
-2.0165,-1.9279376662538852
-2.0402,-1.9498630386768188
-2.0624,-1.9702507684305335
-2.0828,-1.9890925376411295
-2.1017,-2.0063815362186386
-2.1188,-2.0221124598229627
-2.1343,-2.0362815062371387
-2.1481,-2.0488863701584537
-2.1602,-2.059926236419711
-2.1706,-2.0694017716547286
-2.1794,-2.0773151144237856
-2.1864,-2.0836698638164233
-2.1918,-2.088471066550735
-2.1956,-2.0917252025898794
-2.1977,-2.093440169298079
-2.1981,-2.0936252641600808
-2.1969,-2.0922911660895256
-2.1941,-2.0894499153531694
-2.1896,-2.085114892139402
-2.1836,-2.0793007938009707
-2.176,-2.0720236108031744
-2.1668,-2.0633006014101793
-2.1561,-2.0531502651434117
-2.1439,-2.0415923150473168
-2.1302,-2.028647648798893
-2.115,-2.014338318698715
-2.0983,-1.9986875005822735
-2.0802,-1.981719461691458
-2.0608,-1.9634595275471822
-2.0399,-1.9439340478651144
-2.0177,-1.9231703615572973
-1.9942,-1.9011967608635316
-1.9695,-1.8780424546570713
-1.9435,-1.8537375309700146
-1.9163,-1.8283129187845628
-1.8879,-1.80180034913688
-1.8583,-1.7742323155809419
-1.8277,-1.7456420340604395
-1.796,-1.7160634022370782
-1.7633,-1.6855309583242615
-1.7296,-1.6540798394754146
-1.6949,-1.6217457397765656
-1.6593,-1.588564867893135
-1.6229,-1.55457390442092
-1.5856,-1.5198099589915957
-1.5475,-1.4843105271830934
-1.5087,-1.448113447285124
-1.4692,-1.4112568569702835
-1.429,-1.3737791499209562
-1.3882,-1.3357189324620935
-1.3468,-1.2971149802498716
-1.3049,-1.2580061950657475
-1.2625,-1.2184315617653205
-1.2196,-1.1784301054309607
-1.1763,-1.13804084877665
-1.1327,-1.0973027698531377
-1.0888,-1.0562547601008658
-1.0445,-1.0149355827975473
-1.0001,-0.9733838319466859
-0.9554,-0.9316378916525261
-0.9106,-0.8897358960262096
-0.8657,-0.847715689667194
-0.8207,-0.805614788762969
-0.7758,-0.7634703428493392
-0.7308,-0.7213190972725436
-0.6858,-0.6791973563934491
-0.641,-0.6371409475731517
-0.5963,-0.5951851859779924
-0.5518,-0.5533648402411254
-0.5075,-0.51171409901648
-0.4634,-0.47026653845972544
-0.4197,-0.42905509066968794
-0.3762,-0.3881120131223492
-0.3331,-0.3474688591282229
-0.2904,-0.3071564493426423
-0.2481,-0.2672048443569828
-0.2063,-0.22764331839753904
-0.165,-0.18850033415737533
-0.1241,-0.14980351878483433
-0.0839,-0.11157964105114948
-0.0442,-0.07385458971784276
-0.0051,-0.036653353123335175
0.0334,-6.3937743988162765e-12
0.0712,0.036082338417348314
0.1084,0.07157148511117395
0.1448,0.1064462325923673
0.1805,0.14068635701520238
0.2155,0.17427263095196854
0.2497,0.20718683486383282
0.2831,0.23941176725505076
0.3158,0.27093125350538894
0.3476,0.3017301533776021
0.3785,0.33179436719812516
0.4087,0.3611108407109118
0.4379,0.3896675686059954
0.4663,0.4174535967257973
0.4939,0.4444590229539372
0.5205,0.4706749967929478
0.5462,0.4960937176386381
0.5711,0.5207084317605941
0.595,0.544513427999955
0.618,0.5675040321967147
0.6401,0.589676600360822
0.6613,0.6110285106024709
0.6816,0.6315581538386009
0.7009,0.6512649232939678
0.7194,0.6701492028167191
0.7369,0.6882123540295655
0.7535,0.7054567023391584
0.7692,0.7218855218276425
0.784,0.7375030190513863
0.798,0.7523143157734533
0.811,0.7663254306574467
0.8232,0.7795432599514898
0.8345,0.7919755571923384
0.8449,0.803630911960793
0.8545,0.8145187277203751
0.8633,0.8246491987725459
0.8713,0.8340332863625823
0.8785,0.8426826939711256
0.8848,0.8506098418273673
0.8905,0.8578278406806741
0.8953,0.86435046486827
0.8995,0.8701921247171088
0.9029,0.8753678383192345
0.9056,0.8798932027200377
0.9077,0.8837843645597794
0.9091,0.8870579902091986
0.9098,0.8897312354403537
0.91,0.8918217146745775
0.9095,0.8933474698495758
0.9085,0.8943269389480707
0.907,0.89477892423079
0.9049,0.8947225602167342
0.9023,0.8941772814537419
0.8993,0.8931627901227606
0.8957,0.8916990235189526
0.8918,0.8898061214530395
0.8875,0.8875043936162039
0.8828,0.884814286951584
0.8777,0.881756353075444
0.8723,0.8783512157909701
0.8666,0.8746195387370357
0.8606,0.8705819932143172
0.8543,0.8662592262307354
0.8479,0.8616718288074935
0.8412,0.8568403045869845
0.8343,0.851785038782912
0.8273,0.8465262675126495
0.8201,0.8410840475512027
0.8128,0.8354782265454317
0.8054,0.8297284137265262
0.798,0.8238539511580081
0.7905,0.8178738855556651
0.783,0.8118069407150796
0.7755,0.8056714905814237
0.768,0.7994855329953594
0.7606,0.7932666641479337
0.7532,0.7870320537762091
0.7459,0.7807984211305701
0.7387,0.7745820117433342
0.7316,0.7683985750273226
0.7246,0.7622633427319468
0.7178,0.7561910082829888
0.7111,0.7501957070312497
0.7047,0.7442909974339658
0.6984,0.7384898431915035
0.6923,0.7328045963607162
0.6865,0.727246981464943
0.6809,0.7218280806192917
0.6755,0.7165583196885844
0.6704,0.7114474554937996
0.6656,0.706504564081619
0.661,0.7017380300702047
0.6567,0.6971555370828794
0.6528,0.6927640592800036
0.6491,0.688569853997864
0.6457,0.6845784555019417
0.6426,0.6807946698605014
0.6398,0.6772225709428519
0.6374,0.6738654975453403
0.6352,0.6707260516465477
0.6334,0.6678060977916512
0.6319,0.6651067636045976
0.6307,0.6626284414251243
0.6298,0.6603707910662391
0.6293,0.6583327436863828
0.629,0.656512506768972
0.629,0.65490757020061
0.6294,0.6535147134378824
0.63,0.6523300137511773
0.6309,0.6513488555326001
0.6321,0.6505659406537465
0.6335,0.6499752998576482
0.6352,0.6495703051679104
0.6372,0.6493436832967975
0.6394,0.6492875300327086
0.6418,0.6493933255861297
0.6444,0.6496519508721342
0.6472,0.6500537047061091
0.6502,0.6505883218882506
0.6534,0.6512449921513345
0.6567,0.652012379945063
0.6601,0.652878645029175
0.6637,0.653831463846658
0.6674,0.6548580516471949
0.6712,0.6559451853300919
0.675,0.6570792269751017
0.6789,0.6582461480285294
0.6828,0.6594315541112106
0.6867,0.6606207104142852
0.6906,0.6617985676476739
0.6945,0.6629497885057425
0.6983,0.6640587746137577
0.7021,0.6651096939181942
0.7057,0.6660865084834221
0.7093,0.6669730026567522
0.7127,0.6677528115632114
0.716,0.6684094498912372
0.7191,0.6689263409299129
0.7219,0.6692868458180448
0.7246,0.6694742929651852
0.727,0.6694720076044713
0.7292,0.6692633414367797
0.7311,0.6688317023258921
0.7326,0.6681605840040032
0.7339,0.6672335957469235
0.7347,0.6660344919785399
0.7353,0.6645472017639658
0.7354,0.6627558581508883
0.7351,0.6606448273190915
0.7344,0.6581987374980516
0.7332,0.6554025076128495
0.7316,0.6522413756191358
0.7295,0.6487009264879791
0.7268,0.6447671198020489
0.7237,0.6404263169250363
0.72,0.6356653077065896
0.7157,0.6304713366857329
0.7109,0.6248321287563416
0.7055,0.6187359142588386
0.6995,0.6121714534629327
0.6928,0.605128060407137
0.6856,0.5975956260614098
0.6777,0.5895646407801651
0.6691,0.5810262160137115
0.6599,0.5719721052472218
0.65,0.5623947241370668
0.6394,0.5522871698155255
0.6282,0.5416432393357884
0.6162,0.5304574472302126
0.6035,0.5187250421560188
0.5901,0.5064420226035026
0.576,0.4936051516432183
0.5612,0.4802119706896294
0.5457,0.4662608122599543
0.5295,0.4517508117082011
0.5125,0.43668191791563804
0.4948,0.42105490292017567
0.4764,0.40487137046854416
0.4573,0.3881337634763885
0.4374,0.3708453703827549
0.4169,0.3530103303868922
0.3957,0.3346336375565544
0.3737,0.3157211437984667
0.3511,0.29627956068298933
0.3278,0.27631646011644573
0.3039,0.2558402738559641
0.2793,0.23486029186319335
0.254,0.2133866594946442
0.2282,0.19143037352780856
0.2017,0.1690032770237464
0.1746,0.14611805302824377
0.147,0.12278821711502497
0.1187,0.09902810877601231
0.09,0.07485288166510973
0.0607,0.05027849270324525
0.0309,0.02532169005404994
0.0007,-1.9214518864885122e-11
-0.03,-0.025668287403393886
-0.0612,-0.05166413347830112
-0.0927,-0.07796776753794687
-0.1246,-0.10455870427389535
-0.1569,-0.13141576230315843
-0.1895,-0.1585170837218426
-0.2224,-0.1858401546643429
-0.2556,-0.21336182684662186
-0.289,-0.24105834007095062
-0.3226,-0.2689053456681052
-0.3564,-0.29687793085198644
-0.3903,-0.32495064396033246
-0.4244,-0.3530975205540601
-0.4585,-0.38129211034678456
-0.4927,-0.4095075049348368
-0.5269,-0.4377163662971072
-0.5611,-0.46589095603312725
-0.5952,-0.4940031653066558
-0.6292,-0.5220245454612832
-0.6631,-0.5499263392735355
-0.6968,-0.5776795128081411
-0.7303,-0.605254787839394
-0.7636,-0.6326226748016459
-0.7965,-0.6597535062312618
-0.8292,-0.6866174706617935
-0.8615,-0.713184646933345
-0.8935,-0.7394250388765365
-0.925,-0.7653086103309915
-0.956,-0.7908053204577341
-0.9865,-0.815885159304327
-1.0165,-0.8405181835813322
-1.046,-0.8646745526082247
-1.0748,-0.8883245643865205
-1.1029,-0.9114386917577674
-1.1304,-0.9339876186037082
-1.1571,-0.9559422760457135
-1.1831,-0.9772738786006976
-1.2083,-0.9979539602504208
-1.2326,-1.0179544103810951
-1.2561,-1.0372475095504357
-1.2787,-1.0558059650392038
-1.3003,-1.0736029461443732
-1.321,-1.0906121191714866
-1.3407,-1.1068076820837256
-1.3593,-1.1221643987656431
-1.3769,-1.1366576328598894
-1.3934,-1.1502633811354557
-1.4088,-1.1629583063465567
-1.4231,-1.1747197695417142
-1.4361,-1.185525861783083
-1.448,-1.1953554352366247
-1.4586,-1.2041881335944171
-1.468,-1.2120044217910482
-1.4761,-1.218785614976631
-1.483,-1.224513906709862
-1.4885,-1.2291723963353358
-1.4926,-1.2327451155099909
-1.4955,-1.2352170538447376
-1.4969,-1.236574183627909
-1.497,-1.2368034835983799
-1.4956,-1.2358929617371397
-1.4929,-1.2338316770469742
-1.4887,-1.23060976029125
-1.4831,-1.2262184336637127
-1.476,-1.2206500293623261
-1.4675,-1.2138980070415384
-1.4576,-1.2059569701183839
-1.4461,-1.1968226809090559
-1.4332,-1.1864920745740246
-1.4188,-1.1749632718509022
-1.403,-1.1622355905555013
-1.3857,-1.1483095558331446
-1.3669,-1.1331869091433737
-1.3467,-1.1168706159626436
-1.325,-1.099364872191137
-1.3018,-1.0806751092510343
-1.2773,-1.0608079978651344
-1.2512,-1.0397714505061777
-1.2238,-1.0175746225086104
-1.195,-0.9942279118360041
-1.1647,-0.9697429574989286
-1.1331,-0.9441326366194647
-1.1002,-0.917411060140019
-1.0659,-0.8895935671756943
-1.0303,-0.8606967180109744
-0.9934,-0.8307382857428205
-0.9552,-0.7997372465739913
-0.9158,-0.7677137687618433
-0.8752,-0.7346892002291745
-0.8334,-0.700686054845542
-0.7905,-0.665727997388608
-0.7464,-0.6298398271966947
-0.7012,-0.5930474605253235
-0.655,-0.5553779116217262
-0.6077,-0.5168592725328814
-0.5594,-0.4775206916641488
-0.5102,-0.43739235110679053
-0.4601,-0.39650544275417887
-0.4092,-0.35489214322791474
-0.3573,-0.31258558763622823
-0.3048,-0.26961984218863777
-0.2514,-0.2260298756919109
-0.1974,-0.18185152995374954
-0.1427,-0.13712148912191702
-0.0874,-0.09187724798767927
-0.0315,-0.04615707928356283
0.0248,-6.819877995667412e-12
0.0816,0.04655426319913736
0.1389,0.09346530957184507
0.1965,0.14069210063085857
0.2544,0.18819299741729578
0.3125,0.23592579853525542
0.3709,0.2838477789576699
0.4294,0.33191572955816606
0.488,0.3800859973296692
0.5466,0.4283145262496486
0.6053,0.47655689875116225
0.6638,0.5247683777580311
0.7223,0.5729039492418538
0.7805,0.6209183652578888
0.8386,0.6687661874162099
0.8963,0.716401830744023
0.9537,0.7637796078944771
1.0107,0.8108537736568125
1.0672,0.8575785697223939
1.1233,0.9039082696606616
1.1787,0.9497972240587107
1.2335,0.9951999057781797
1.2877,1.0400709552825176
1.3411,1.0843652259878556
1.3937,1.1280378295904445
1.4455,1.1710441813235202
1.4964,1.2133400450965204
1.5464,1.2548815784695908
1.5953,1.2956253774162703
1.6432,1.3355285208275922
1.69,1.374548614710809
1.7356,1.4126438360363245
1.78,1.4497729761865958
1.8232,1.485895483961129
1.8651,1.5209715080921122
1.9056,1.5549619392255962
1.9447,1.5878284513236047
1.9825,1.6195335424431057
2.0187,1.6500405748483709
2.0534,1.6793138144137782
2.0865,1.7073184692748498
2.1181,1.7340207276859532
2.148,1.7593877950439627
2.1762,1.7833879300378483
2.2027,1.8059904798849722
2.2275,1.8271659146160049
2.2504,1.846885860370859
2.2716,1.8651231316694807
2.291,1.8818517626219853
2.3084,1.8970470370437207
2.324,1.9106855174421153
2.3376,1.9227450728430822
2.3493,1.9332049054258125
2.3591,1.9420455759363229
2.3668,1.9492490278509773
2.3726,1.9547986102625314
2.3763,1.9586790994627261
2.378,1.9608767191964145
2.3777,1.9613791595638093
2.3752,1.9601755945486659
2.3708,1.9572566981516202
2.3642,1.952614659109201
2.3556,1.9462431941806868
2.3449,1.9381375599861732
2.3321,1.9282945633807422
2.3172,1.9167125703512151
2.3003,1.9033915134233221
2.2813,1.8883328975686313
2.2602,1.8715398046021567
2.237,1.853016896063153
2.2118,1.8327704145728176
2.1846,1.810808183664653
2.1553,1.787139606084358
2.124,1.7617756605578077
2.0907,1.7347288970273993
2.0555,1.706013430358355
2.0183,1.6756449325181435
1.9792,1.6436406232340168
1.9381,1.610019259134762
1.8952,1.574801121384675
1.8505,1.5380080018191884
1.8039,1.4996631875928723
1.7556,1.4597914443525228
1.7055,1.4184189979490816
1.6536,1.375573514703825
1.6002,1.3312840802458346
1.545,1.285581176939
1.4883,1.23849665991832
1.43,1.1900637317568237
1.3702,1.1403169157856268
1.309,1.0892920280910658
1.2463,1.03702614821437
1.1822,0.9835575885803858
1.1169,0.9289258626833758
1.0502,0.8731716520590893
0.9823,0.8163367720735876
0.9133,0.758464136560445
0.8432,0.6995977213392469
0.772,0.639782526649325
0.6998,0.579064538533837
0.6266,0.5174906892104354
0.5526,0.45510881646566537
0.4777,0.3919676221113908
0.4021,0.32811662954237497
0.3258,0.26360614043520614
0.2488,0.19848719062950637
0.1713,0.13281150523327218
0.0932,0.06663145299506218
0.0147,-1.3670564680268171e-11
-0.0642,-0.0670293373619113
-0.1434,-0.13440253982326822
-0.2229,-0.20206513349568705
-0.3025,-0.2699622384306444
-0.3823,-0.3380386177252082
-0.4621,-0.4062387270301478
-0.542,-0.4745067644264382
-0.6217,-0.5427867206223906
-0.7014,-0.6110224294232738
-0.7808,-0.6791576184247828
-0.8599,-0.7471359598817865
-0.9387,-0.8149011217033018
-1.0171,-0.8823968185245981
-1.095,-0.9495668628073473
-1.1724,-1.0163552159185067
-1.2492,-1.0827060391386227
-1.3253,-1.148563744550527
-1.4006,-1.2138730457591569
-1.4752,-1.2785790083936337
-1.5489,-1.3426271003428558
-1.6217,-1.4059632416759145
-1.6935,-1.4685338541993678
-1.7643,-1.5302859106032707
-1.834,-1.591166983148456
-1.9025,-1.6511252918481674
-1.9697,-1.7101097520972242
-2.0357,-1.7680700217027938
-2.1004,-1.8249565472712668
-2.1637,-1.880720609906215
-2.2255,-1.9353143701733884
-2.2858,-1.9886909122891772
-2.3446,-2.0408042874896264
-2.4018,-2.091609556538259
-2.4573,-2.141062831331419
-2.5112,-2.189121315560813
-2.5633,-2.2357433443940526
-2.6136,-2.2808884231346136
-2.6621,-2.3245172648238546
-2.7087,-2.3665918267487487
-2.7535,-2.407075345819879
-2.7962,-2.4459323727854803
-2.837,-2.4831288052485045
-2.8758,-2.518631919454588
-2.9125,-2.5524104008203112
-2.9472,-2.584434373172079
-2.9797,-2.6146754266674126
-3.0101,-2.643106644371597
-3.0384,-2.6697026274639626
-3.0645,-2.6944395190494768
-3.0883,-2.7172950265525038
-3.1099,-2.7382484426712175
-3.1293,-2.75728066487226
-3.1464,-2.774374213406906
-3.1613,-2.789513247831277
-3.1739,-2.802683582014633
-3.1841,-2.81387269762123
-3.1921,-2.8230697560527824
-3.1977,-2.8302656088398965
-3.2011,-2.8354528064725226
-3.2021,-2.838625605660901
-3.2008,-2.8397799750198764
-3.1972,-2.838913599171275
-3.1912,-2.836025881260274
-3.183,-2.831117943883326
-3.1725,-2.824192628426807
-3.1597,-2.8152544928170578
-3.1446,-2.8043098076838247
-3.1272,-2.7913665509410093
-3.1076,-2.776434400789837
-3.0858,-2.759524727151162
-3.0618,-2.7406505815352498
-3.0355,-2.7198266853587603
-3.0072,-2.69706941672012
-2.9766,-2.672396795646103
-2.944,-2.6458284678237853
-2.9093,-2.6173856868334373
-2.8725,-2.587091294899585
-2.8337,-2.5549697021786306
-2.793,-2.5210468646029365
-2.7502,-2.4853502603027273
-2.7056,-2.4479088646283853
-2.6591,-2.408753123797106
-2.6108,-2.3679149271892315
-2.5606,-2.3254275783208698
-2.5087,-2.281325764520478
-2.4552,-2.2356455253386533
-2.3999,-2.1884242197212957
-2.3431,-2.1397004919775604
-2.2847,-2.089514236575221
-2.2247,-2.0379065617971577
-2.1633,-1.9849197522936022
-2.1006,-1.930597230566085
-2.0364,-1.8749835174198133
-1.971,-1.8181241914222392
-1.9043,-1.7600658474066062
-1.8364,-1.700856054059965
-1.7674,-1.640543310636188
-1.6973,-1.5791770028352694
-1.6263,-1.5168073578908576
-1.5542,-1.4534853989088663
-1.4813,-1.3892628985007127
-1.4075,-1.324192331755097
-1.333,-1.2583268285932034
-1.2578,-1.191720125552652
-1.1819,-1.1244265170457985
-1.1054,-1.0565008061388592
-1.0285,-0.9879982548985244
-0.951,-0.9189745343530246
-0.8732,-0.8494856741152903
-0.7951,-0.7795880117157544
-0.7167,-0.7093381416927736
-0.6381,-0.6387928644889981
-0.5593,-0.5680091352017946
-0.4805,-0.49704401223623434
-0.4017,-0.4259546059092029
-0.323,-0.35479802705297925
-0.2444,-0.2836313356668481
-0.1659,-0.2125114896651161
-0.0877,-0.14149529376968478
-0.0098,-0.0706393485954353
0.0677,2.3906931989614577e-11
0.1448,0.07036671142172499
0.2214,0.14040510014899465
0.2974,0.21005988564246442
0.3728,0.2792762414639042
0.4476,0.347999844064401
0.5216,0.41617692102814285
0.5948,0.48375429875055626
0.6672,0.5506794495063769
0.7387,0.6169005378637862
0.8092,0.6823664664013865
0.8788,0.7470269206855591
0.9472,0.8108324134663858
1.0146,0.8737343280511787
1.0808,0.9356849608155031
1.1458,0.9966375628123123
1.2095,1.056546380440804
1.272,1.1153666951375558
1.3331,1.1730548620534058
1.3928,1.2295683476804884
1.4511,1.2848657663950598
1.5079,1.3389069158825777
1.5632,1.3916528114128037
1.6169,1.4430657189336422
1.6691,1.4931091869537156
1.7197,1.5417480771847991
1.7686,1.5889485939164787
1.8158,1.6346783120965567
1.8613,1.678906204092063
1.9051,1.721602665107047
1.9471,1.762739537234466
1.9873,1.8022901321209746
2.0257,1.8402292522246961
2.0623,1.8765332106474264
2.097,1.9111798495240535
2.1299,1.9441485569534351
2.1608,1.9754202824563745
2.1899,2.0049775509477135
2.2171,2.0328044752109555
2.2423,2.058886766865467
2.2656,2.083211745817467
2.287,2.1057683481876808
2.3064,2.126547132709995
2.3239,2.145540285596665
2.3394,2.162741623867492
2.353,2.1781465971415437
2.3646,2.1917522878914744
2.3743,2.20355741016223
2.382,2.2135623067571224
2.3878,2.2217689448957176
2.3917,2.228180910349705
2.3937,2.232803400064081
2.3938,2.23564321327248
2.392,2.2367087411170563
2.3884,2.2360099547845973
2.3828,2.233558392171947
2.3755,2.229367143095393
2.3663,2.223450833059713
2.3554,2.2158256056043397
2.3427,2.2065091032451614
2.3282,2.1955204470318024
2.312,2.182880214741769
2.2942,2.1686104177338827
2.2746,2.1527344764847154
2.2535,2.135277194833187
2.2307,2.1162647329594066
2.2064,2.0957245791252053
2.1806,2.073685520204911
2.1532,2.0501776110361303
2.1244,2.025232142621158
2.0942,1.998881609211037
2.0627,1.971159674305115
2.0297,1.9421011355998985
1.9955,1.9117418889222506
1.96,1.880118891182632
1.9233,1.8472701223850603
1.8855,1.8132345467315236
1.8465,1.7780520728591434
1.8064,1.7417635132492553
1.7653,1.704410542848524
1.7233,1.6660356569426367
1.6803,1.6266821283239539
1.6364,1.5863939637951368
1.5916,1.5452158600513373
1.5461,1.5031931589840566
1.4998,1.4603718024503454
1.4529,1.4167982865514845
1.4053,1.3725196154656567
1.3571,1.3275832548795812
1.3084,1.2820370850643932
1.2591,1.235929353641286
1.2095,1.1893086280828005
1.1595,1.1422237479958404
1.1091,1.094723777232473
1.0585,1.0468579558749718
1.0076,0.9986756521415119
0.9566,0.9502263142588339
0.9054,0.9015594223483953
0.8542,0.8527244403723557
0.8029,0.8037707681856393
0.7517,0.7547476937402533
0.7005,0.7057043454876804
0.6495,0.6566896450251346
0.5986,0.607752260031104
0.548,0.5589405575351862
0.4977,0.5103025575670458
0.4476,0.46188588722878277
0.398,0.4137377352345562
0.3487,0.36590480696094013
0.3,0.3184332800507901
0.2517,0.2713687606128953
0.204,0.2247562400591867
0.1568,0.17864005262041027
0.1103,0.13306383358064233
0.0645,0.08807047827024372
0.0194,0.043702101856084585
-0.0249,-3.2939428962208694e-11
-0.0684,-0.04299538980793782
-0.1111,-0.0852445255132196
-0.1529,-0.12670879747536096
-0.1938,-0.16735056397356224
-0.2338,-0.20713318589791535
-0.2728,-0.24602106036306065
-0.3108,-0.2839796532457841
-0.3477,-0.32097553061621276
-0.3836,-0.3569763890333325
-0.4184,-0.3919510846766623
-0.452,-0.4258696612870906
-0.4845,-0.45870337689107443
-0.5159,-0.49042472928351577
-0.546,-0.5210074802460184
-0.5749,-0.5504266784782369
-0.6026,-0.5786586812215363
-0.629,-0.6056811745553218
-0.6541,-0.6314731923476887
-0.6779,-0.6560151338434791
-0.7005,-0.6792887798740842
-0.7217,-0.7012773076746194
-0.7416,-0.721965304295643
-0.7601,-0.7413387785978336
-0.7773,-0.7593851718193405
-0.7931,-0.7760933667072477
-0.8076,-0.7914536952055088
-0.8207,-0.8054579446936302
-0.8324,-0.8180993627714128
-0.8427,-0.8293726605865895
-0.8517,-0.8392740147037676
-0.8593,-0.8478010675142911
-0.8655,-0.8549529261881406
-0.8703,-0.8607301601704758
-0.8738,-0.8651347972267682
-0.876,-0.8681703180417996
-0.8768,-0.8698416493794985
-0.8762,-0.8701551558116004
-0.8744,-0.8691186300247917
-0.8712,-0.8667412817172998
-0.8667,-0.8630337250972222
-0.861,-0.8580079649962253
-0.8539,-0.8516773816137241
-0.8456,-0.8440567139078405
-0.8361,-0.8351620416507324
-0.8254,-0.8250107661674156
-0.8135,-0.8136215897781278
-0.8004,-0.8010144939658067
-0.7862,-0.787210716291395
-0.7709,-0.7722327260809353
-0.7544,-0.7561041989094416
-0.737,-0.7388499899079899
-0.7184,-0.7204961059213718
-0.6989,-0.7010696765447841
-0.6784,-0.6805989240692977
-0.6569,-0.6591131323666446
-0.6345,-0.6366426147451059
-0.6112,-0.6132186808090787
-0.5871,-0.5888736023561226
-0.5621,-0.5636405783458471
-0.5364,-0.5375536989762811
-0.51,-0.5106479089039736
-0.4828,-0.4829589696449199
-0.4549,-0.45452342119431705
-0.4264,-0.42537854290388033
-0.3973,-0.39556231365589123
-0.3677,-0.3651133713742978
-0.3375,-0.3340709719134538
-0.3068,-0.30247494736572855
-0.2757,-0.27036566382998795
-0.2442,-0.23778397868311754
-0.2124,-0.2047711973976077
-0.1802,-0.17136902994839717
-0.1477,-0.13761954685249403
-0.115,-0.10356513488556712
-0.0821,-0.06924845251974521
-0.0491,-0.03471238512705299
-0.0159,6.572409283478464e-12
0.0174,0.03484549881180293
0.0507,0.0697808156660471
0.0839,0.10476260867774423
0.1172,0.13974753497991532
0.1503,0.17469229598768876
0.1833,0.20955368257455337
0.2162,0.24428862012248426
0.2488,0.2788542134009399
0.2812,0.3132077912299822
0.3133,0.3473069508831004
0.345,0.3811096021854798
0.3764,0.4145740112637459
0.4074,0.44765884390376576
0.438,0.48032320847318816
0.468,0.5125266983661316
0.4976,0.5442294339276775
0.5266,0.5753921038165732
0.555,0.6059760057649162
0.5828,0.635943086694269
0.61,0.6652559821484046
0.6364,0.6938780550033721
0.6622,0.7217734334164447
0.6872,0.7489070479762359
0.7114,0.7752446680170263
0.7348,0.8007529370612028
0.7573,0.8253994073546554
0.779,0.8491525734607422
0.7998,0.8719819048794468
0.8197,0.8938578776594062
0.8387,0.9147520049712936
0.8567,0.9346368666122888
0.8737,0.9534861374122625
0.8897,0.9712746145135067
0.9046,0.987978243496906
0.9185,1.0035741433286556
0.9314,1.018040630102669
0.9432,1.0313572395552428
0.9538,1.043504748329517
0.9634,1.054465193968711
0.9718,1.0642218936182808
0.9791,1.0727594614184437
0.9853,1.080063824569863
0.9902,1.0861222380565216
0.9941,1.0909232980112686
0.9967,1.094456953710759
0.9982,1.0967145181879285
0.9985,1.0976886774515626
0.9976,1.0973734983037944
0.9955,1.0957644347478892
0.9922,1.0928583329799686
0.9878,1.0886534349598693
0.9821,1.083149380557538
0.9753,1.0763472082730887
0.9673,1.0682493545297413
0.9581,1.058859651540518
0.9478,1.0481833237509415
0.9363,1.036226982861334
0.9236,1.022998621433792
0.9099,1.008507605090306
0.895,0.9927646633099987
0.8789,0.9757818788346085
0.8618,0.9575726756930218
0.8436,0.9381518058568724
0.8243,0.9175353345406321
0.804,0.8957406241609515
0.7827,0.8727863169714571
0.7603,0.8486923163903561
0.737,0.8234797670396178
0.7126,0.7971710335159616
0.6874,0.7697896779146739
0.6612,0.7413604361290889
0.6341,0.7119091929493787
0.6062,0.6814629559857553
0.5774,0.6500498284422394
0.5478,0.6176989807682509
0.5173,0.5844406212166976
0.4862,0.5503059653379191
0.4543,0.5153272044402397
0.4217,0.47953747304878214
0.3885,0.44297081539527117
0.3546,0.40566215097240127
0.3201,0.3676472391874844
0.285,0.3289626431508764
0.2494,0.28964569263542306
0.2133,0.24973444624445257
0.1768,0.20926765282609894
0.1398,0.16828471217278526
0.1024,0.12682563504550828
0.0647,0.0849310025630603
0.0267,0.042641924996947494
-0.0117,1.3605450099873906e-11
-0.0502,-0.042952729594055106
-0.089,-0.0861738186434749
-0.1279,-0.12962046272432343
-0.167,-0.1732495417421313
-0.2062,-0.21701766379985815
-0.2454,-0.260881209373078
-0.2846,-0.3047963757343697
-0.3238,-0.3487192215821566
-0.3629,-0.39260571182898474
-0.4019,-0.4364117625040229
-0.4408,-0.4800932857247197
-0.4795,-0.523606234692045
-0.5179,-0.5669066486640282
-0.5562,-0.6099506978622631
-0.5941,-0.6526947282659662
-0.6316,-0.6950953062484498
-0.6688,-0.7371092630108818
-0.7056,-0.7786937387685381
-0.742,-0.8198062266448252
-0.7778,-0.8604046162288159
-0.8132,-0.9004472367522047
-0.848,-0.9398928998420242
-0.8822,-0.978700941806008
-0.9157,-1.016831265407655
-0.9486,-1.0542443810889224
-0.9809,-1.0909014475986218
-1.0123,-1.1267643119855446
-1.0431,-1.1617955489157799
-1.073,-1.1959584992743468
-1.1022,-1.2292173080120252
-1.1304,-1.2615369611991354
-1.1578,-1.2928833222485387
-1.1843,-1.32322316727115
-1.2099,-1.3525242195282159
-1.2345,-1.380755182945178
-1.2581,-1.4078857746532036
-1.2808,-1.4338867565253324
-1.3023,-1.4587299656750998
-1.3229,-1.4823883438866479
-1.3423,-1.5048359659464405
-1.3607,-1.5260480668476233
-1.3779,-1.5460010678393832
-1.394,-1.5646726012947654
-1.409,-1.5820415343715117
-1.4228,-1.5980879914418105
-1.4354,-1.6127933752680546
-1.4468,-1.6261403869029094
-1.457,-1.6381130442932892
-1.466,-1.6486966995693269
-1.4737,-1.6578780550003813
-1.4802,-1.6656451776018184
-1.4855,-1.6719875123774903
-1.4895,-1.676895894184263
-1.4922,-1.6803625582062458
-1.4937,-1.6823811490279523
-1.4939,-1.682946728296855
-1.4928,-1.6820557809672905
-1.4905,-1.679706220119226
-1.4869,-1.6758973903465524
-1.482,-1.6706300697113097
-1.4758,-1.6639064702615518
-1.4684,-1.6557302371119658
-1.4598,-1.6461064460880037
-1.4498,-1.635041599935465
-1.4387,-1.6225436230992245
-1.4263,-1.608621855075959
-1.4127,-1.5932870423473915
-1.3979,-1.5765513289018669
-1.3818,-1.558428245353602
-1.3646,-1.5389326966702799
-1.3462,-1.5180809485211482
-1.3267,-1.4958906122591484
-1.306,-1.4723806285518977
-1.2842,-1.4475712496779833
-1.2613,-1.4214840205059998
-1.2373,-1.39414175817539
-1.2123,-1.3655685304993712
-1.1862,-1.3357896331115222
-1.1591,-1.304831565378829
-1.131,-1.272722005105331
-1.102,-1.2394897820517246
-1.072,-1.2051648502973538
-1.0411,-1.169778259472401
